system,distance,prot_chain,prot_resid,prot_atom,lig_resid,lig_atom
Jnk1_18635-1,1.1552489,A,110,1HD2,1,H14
Jnk1_18635-1,1.2527696,A,110,3HD2,1,H14
p38_p38a_2u,1.1118279,A,31,HA3,1,O4
p38_p38a_2c,1.4895872,A,53,NZ,1,C19
p38_p38a_2c,0.56142724,A,53,NZ,1,H19
p38_p38a_2c,1.3521614,A,53,HE3,1,C19
p38_p38a_2c,1.2349217,A,53,HZ1,1,C19
p38_p38a_2c,0.79613566,A,53,HZ1,1,H19
p38_p38a_2c,1.4895726,A,53,HZ2,1,H19
p38_p38a_2c,1.326021,A,53,HZ3,1,H19
p38_p38a_2c,1.3114675,A,106,HG21,1,CL1
PTP1B_23472,1.3675821,A,182,H,1,O2
MCL1_52,1.3824327,A,267,HB2,1,H8
Tyk2_ejm_44,1.2987657,A,984,N,1,H16
Tyk2_ejm_44,1.183287,A,984,H,1,H16
Tyk2_ejm_44,1.1782719,A,984,HA3,1,H17
CDK2_30,0.97733414,A,89,NZ,1,H21
CDK2_30,0.97652924,A,89,2HZ,1,C19
CDK2_30,0.9232898,A,89,2HZ,1,H21
CDK2_30,1.1965047,A,89,2HZ,1,H23
CDK2_28,1.2098068,A,89,2HE,1,C19
CDK2_28,1.1461282,A,89,2HE,1,H22
CDK2_28,1.1730738,A,89,2HE,1,H23
CDK2_28,1.233223,A,89,1HZ,1,H21
CDK2_28,1.0023522,A,89,2HZ,1,N6
CDK2_28,0.991378,A,89,2HZ,1,H21
CDK2_1oiy,1.3932456,A,89,CE,1,H22
CDK2_1oiy,1.4889476,A,89,1HD,1,N6
CDK2_1oiy,0.9480831,A,89,1HD,1,H22
CDK2_32,1.3124697,A,89,NZ,1,H20
CDK2_32,1.3146454,A,89,2HE,1,H21
CDK2_32,1.233223,A,89,1HZ,1,H20
CDK2_32,1.0023522,A,89,2HZ,1,N6
CDK2_32,0.991378,A,89,2HZ,1,H20
CDK2_32,1.2971997,A,134,2HD2,1,H23
CDK2_29,0.70734847,A,89,NZ,1,H22
CDK2_29,1.3833154,A,89,2HE,1,C20
CDK2_29,1.1566371,A,89,2HE,1,H24
CDK2_29,1.3791742,A,89,2HE,1,H25
CDK2_29,1.032643,A,89,1HZ,1,C19
CDK2_29,0.3749855,A,89,1HZ,1,H22
CDK2_29,0.97652924,A,89,2HZ,1,N6
CDK2_29,0.9911155,A,89,2HZ,1,C19
CDK2_29,1.3780576,A,89,2HZ,1,H21
CDK2_29,1.2935337,A,89,3HZ,1,H22
CDK2_21,1.2971997,A,134,2HD2,1,H22
CDK2_26,0.8531098,A,89,1HD,1,H21
CDK2_1h1s,1.3146454,A,89,2HE,1,H22
CDK2_1h1s,1.233223,A,89,1HZ,1,H21
CDK2_1h1s,1.0023522,A,89,2HZ,1,N6
CDK2_1h1s,0.991378,A,89,2HZ,1,H21
CDK2_31,1.4836041,A,89,NZ,1,H22
CDK2_31,1.3430483,A,89,1HD,1,C19
CDK2_31,0.5749459,A,89,1HD,1,H23
CDK2_31,1.2375677,A,89,2HE,1,H22
CDK2_31,1.3648838,A,89,2HZ,1,H22
CDK2_22,1.2728599,A,134,2HD2,1,H22
