Target,MolecularWeight,NumHeavyAtoms,NumRotatableBonds,NumHDonors,NumHAcceptors,LogP,Elements
Jnk1,364.76242857142836,25.61904761904762,9.857142857142858,2.0952380952380953,6.523809523809524,2.241860952380952,"{'N', 'O', 'Br', 'S', 'Cl', 'C', 'H'}"
Bace,353.0216944444442,25.694444444444443,4.5,2.0,2.888888888888889,1.1887022222222234,"{'N', 'O', 'S', 'Cl', 'C', 'H', 'F'}"
p38,406.5077058823528,28.970588235294116,6.588235294117647,1.3529411764705883,7.529411764705882,2.693761176470589,"{'N', 'O', 'S', 'Cl', 'C', 'H', 'F'}"
PTP1B,484.7295217391307,29.47826086956522,8.26086956521739,0.9565217391304348,7.782608695652174,1.6841747826086955,"{'N', 'O', 'Br', 'S', 'Cl', 'C', 'H', 'F'}"
MCL1,364.16090476190453,25.833333333333332,6.880952380952381,0.6904761904761905,3.4047619047619047,3.9974480952380977,"{'N', 'O', 'S', 'Cl', 'C', 'H', 'F'}"
Tyk2,359.3643124999998,23.5,4.375,2.125,3.1875,4.071836250000002,"{'N', 'O', 'Cl', 'C', 'H', 'F'}"
Thrombin,397.6542727272724,27.363636363636363,7.545454545454546,2.0,2.0,1.7568527272727292,"{'I', 'N', 'O', 'Br', 'Cl', 'C', 'H', 'F'}"
CDK2,380.6643124999996,26.875,6.8125,2.4375,6.25,3.6619687500000015,"{'N', 'O', 'Br', 'S', 'Cl', 'C', 'H'}"
